linha,descricao,agencia,sequencia,shape_id,latitude,longitude
107,107-URCA X CENTRAL,Fetranspor,0,17429564,"-22.9049","-43.1917"
107,107-URCA X CENTRAL,Fetranspor,1,17429564,"-22.9048","-43.1919"
107,107-URCA X CENTRAL,Fetranspor,2,17429564,"-22.9048","-43.1919"
107,107-URCA X CENTRAL,Fetranspor,3,17429564,"-22.9051","-43.1928"
107,107-URCA X CENTRAL,Fetranspor,4,17429564,"-22.9051","-43.193"
107,107-URCA X CENTRAL,Fetranspor,5,17429564,"-22.9051","-43.193"
107,107-URCA X CENTRAL,Fetranspor,6,17429564,"-22.9051","-43.1931"
107,107-URCA X CENTRAL,Fetranspor,7,17429564,"-22.905","-43.1931"
107,107-URCA X CENTRAL,Fetranspor,8,17429564,"-22.905","-43.1931"
107,107-URCA X CENTRAL,Fetranspor,9,17429564,"-22.9049","-43.1931"
107,107-URCA X CENTRAL,Fetranspor,10,17429564,"-22.9049","-43.1931"
107,107-URCA X CENTRAL,Fetranspor,11,17429564,"-22.9048","-43.1931"
107,107-URCA X CENTRAL,Fetranspor,12,17429564,"-22.9047","-43.193"
107,107-URCA X CENTRAL,Fetranspor,13,17429564,"-22.9046","-43.1926"
107,107-URCA X CENTRAL,Fetranspor,14,17429564,"-22.9044","-43.1915"
107,107-URCA X CENTRAL,Fetranspor,15,17429564,"-22.9044","-43.1915"
107,107-URCA X CENTRAL,Fetranspor,16,17429564,"-22.904","-43.1905"
107,107-URCA X CENTRAL,Fetranspor,17,17429564,"-22.904","-43.1905"
107,107-URCA X CENTRAL,Fetranspor,18,17429564,"-22.9037","-43.1896"
107,107-URCA X CENTRAL,Fetranspor,19,17429564,"-22.9035","-43.1891"
107,107-URCA X CENTRAL,Fetranspor,20,17429564,"-22.9034","-43.1886"
107,107-URCA X CENTRAL,Fetranspor,21,17429564,"-22.9034","-43.1886"
107,107-URCA X CENTRAL,Fetranspor,22,17429564,"-22.9033","-43.1885"
107,107-URCA X CENTRAL,Fetranspor,23,17429564,"-22.9032","-43.188"
107,107-URCA X CENTRAL,Fetranspor,24,17429564,"-22.903","-43.1874"
107,107-URCA X CENTRAL,Fetranspor,25,17429564,"-22.903","-43.1874"
107,107-URCA X CENTRAL,Fetranspor,26,17429564,"-22.9025","-43.1861"
107,107-URCA X CENTRAL,Fetranspor,27,17429564,"-22.9025","-43.1861"
107,107-URCA X CENTRAL,Fetranspor,28,17429564,"-22.9022","-43.1853"
107,107-URCA X CENTRAL,Fetranspor,29,17429564,"-22.902","-43.1849"
107,107-URCA X CENTRAL,Fetranspor,30,17429564,"-22.9019","-43.1847"
107,107-URCA X CENTRAL,Fetranspor,31,17429564,"-22.9019","-43.1847"
107,107-URCA X CENTRAL,Fetranspor,32,17429564,"-22.9019","-43.1846"
107,107-URCA X CENTRAL,Fetranspor,33,17429564,"-22.9019","-43.1846"
107,107-URCA X CENTRAL,Fetranspor,34,17429564,"-22.902","-43.1845"
107,107-URCA X CENTRAL,Fetranspor,35,17429564,"-22.902","-43.1844"
107,107-URCA X CENTRAL,Fetranspor,36,17429564,"-22.9026","-43.1841"
107,107-URCA X CENTRAL,Fetranspor,37,17429564,"-22.9026","-43.1841"
107,107-URCA X CENTRAL,Fetranspor,38,17429564,"-22.9026","-43.184"
107,107-URCA X CENTRAL,Fetranspor,39,17429564,"-22.9027","-43.184"
107,107-URCA X CENTRAL,Fetranspor,40,17429564,"-22.9027","-43.184"
107,107-URCA X CENTRAL,Fetranspor,41,17429564,"-22.9029","-43.1839"
107,107-URCA X CENTRAL,Fetranspor,42,17429564,"-22.9029","-43.1839"
107,107-URCA X CENTRAL,Fetranspor,43,17429564,"-22.903","-43.1838"
107,107-URCA X CENTRAL,Fetranspor,44,17429564,"-22.903","-43.1838"
107,107-URCA X CENTRAL,Fetranspor,45,17429564,"-22.9036","-43.1836"
107,107-URCA X CENTRAL,Fetranspor,46,17429564,"-22.9036","-43.1836"
107,107-URCA X CENTRAL,Fetranspor,47,17429564,"-22.904","-43.1834"
107,107-URCA X CENTRAL,Fetranspor,48,17429564,"-22.904","-43.1834"
107,107-URCA X CENTRAL,Fetranspor,49,17429564,"-22.9045","-43.1832"
107,107-URCA X CENTRAL,Fetranspor,50,17429564,"-22.9045","-43.1832"
107,107-URCA X CENTRAL,Fetranspor,51,17429564,"-22.9048","-43.1831"
107,107-URCA X CENTRAL,Fetranspor,52,17429564,"-22.9048","-43.1831"
107,107-URCA X CENTRAL,Fetranspor,53,17429564,"-22.905","-43.183"
107,107-URCA X CENTRAL,Fetranspor,54,17429564,"-22.9053","-43.1829"
107,107-URCA X CENTRAL,Fetranspor,55,17429564,"-22.9053","-43.1829"
107,107-URCA X CENTRAL,Fetranspor,56,17429564,"-22.9057","-43.1827"
107,107-URCA X CENTRAL,Fetranspor,57,17429564,"-22.9057","-43.1827"
107,107-URCA X CENTRAL,Fetranspor,58,17429564,"-22.9058","-43.1826"
107,107-URCA X CENTRAL,Fetranspor,59,17429564,"-22.9064","-43.1824"
107,107-URCA X CENTRAL,Fetranspor,60,17429564,"-22.9064","-43.1824"
107,107-URCA X CENTRAL,Fetranspor,61,17429564,"-22.9064","-43.1823"
107,107-URCA X CENTRAL,Fetranspor,62,17429564,"-22.9064","-43.1822"
107,107-URCA X CENTRAL,Fetranspor,63,17429564,"-22.9065","-43.1822"
107,107-URCA X CENTRAL,Fetranspor,64,17429564,"-22.9065","-43.1821"
107,107-URCA X CENTRAL,Fetranspor,65,17429564,"-22.9066","-43.1821"
107,107-URCA X CENTRAL,Fetranspor,66,17429564,"-22.9069","-43.182"
107,107-URCA X CENTRAL,Fetranspor,67,17429564,"-22.907","-43.1819"
107,107-URCA X CENTRAL,Fetranspor,68,17429564,"-22.907","-43.1819"
107,107-URCA X CENTRAL,Fetranspor,69,17429564,"-22.9073","-43.1818"
107,107-URCA X CENTRAL,Fetranspor,70,17429564,"-22.9074","-43.1817"
107,107-URCA X CENTRAL,Fetranspor,71,17429564,"-22.9074","-43.1817"
107,107-URCA X CENTRAL,Fetranspor,72,17429564,"-22.9074","-43.1817"
107,107-URCA X CENTRAL,Fetranspor,73,17429564,"-22.9074","-43.1813"
107,107-URCA X CENTRAL,Fetranspor,74,17429564,"-22.9075","-43.1811"
107,107-URCA X CENTRAL,Fetranspor,75,17429564,"-22.9075","-43.1811"
107,107-URCA X CENTRAL,Fetranspor,76,17429564,"-22.9075","-43.1811"
107,107-URCA X CENTRAL,Fetranspor,77,17429564,"-22.9076","-43.181"
107,107-URCA X CENTRAL,Fetranspor,78,17429564,"-22.9076","-43.1809"
107,107-URCA X CENTRAL,Fetranspor,79,17429564,"-22.9077","-43.1809"
107,107-URCA X CENTRAL,Fetranspor,80,17429564,"-22.9078","-43.1808"
107,107-URCA X CENTRAL,Fetranspor,81,17429564,"-22.908","-43.1808"
107,107-URCA X CENTRAL,Fetranspor,82,17429564,"-22.9084","-43.1806"
107,107-URCA X CENTRAL,Fetranspor,83,17429564,"-22.9084","-43.1806"
107,107-URCA X CENTRAL,Fetranspor,84,17429564,"-22.9091","-43.1803"
107,107-URCA X CENTRAL,Fetranspor,85,17429564,"-22.9091","-43.1803"
107,107-URCA X CENTRAL,Fetranspor,86,17429564,"-22.9092","-43.1803"
107,107-URCA X CENTRAL,Fetranspor,87,17429564,"-22.9092","-43.1803"
107,107-URCA X CENTRAL,Fetranspor,88,17429564,"-22.9094","-43.1802"
107,107-URCA X CENTRAL,Fetranspor,89,17429564,"-22.9094","-43.1802"
107,107-URCA X CENTRAL,Fetranspor,90,17429564,"-22.9109","-43.1797"
107,107-URCA X CENTRAL,Fetranspor,91,17429564,"-22.9109","-43.1797"
107,107-URCA X CENTRAL,Fetranspor,92,17429564,"-22.9123","-43.1792"
107,107-URCA X CENTRAL,Fetranspor,93,17429564,"-22.9123","-43.1792"
107,107-URCA X CENTRAL,Fetranspor,94,17429564,"-22.9122","-43.1791"
107,107-URCA X CENTRAL,Fetranspor,95,17429564,"-22.9122","-43.1791"
107,107-URCA X CENTRAL,Fetranspor,96,17429564,"-22.9122","-43.179"
107,107-URCA X CENTRAL,Fetranspor,97,17429564,"-22.9122","-43.1789"
107,107-URCA X CENTRAL,Fetranspor,98,17429564,"-22.9117","-43.1786"
107,107-URCA X CENTRAL,Fetranspor,99,17429564,"-22.9117","-43.1786"
107,107-URCA X CENTRAL,Fetranspor,100,17429564,"-22.9106","-43.1776"
107,107-URCA X CENTRAL,Fetranspor,101,17429564,"-22.9104","-43.1775"
107,107-URCA X CENTRAL,Fetranspor,102,17429564,"-22.9104","-43.1775"
107,107-URCA X CENTRAL,Fetranspor,103,17429564,"-22.9097","-43.1768"
107,107-URCA X CENTRAL,Fetranspor,104,17429564,"-22.9097","-43.1767"
107,107-URCA X CENTRAL,Fetranspor,105,17429564,"-22.9096","-43.1765"
107,107-URCA X CENTRAL,Fetranspor,106,17429564,"-22.9096","-43.1765"
107,107-URCA X CENTRAL,Fetranspor,107,17429564,"-22.9093","-43.1762"
107,107-URCA X CENTRAL,Fetranspor,108,17429564,"-22.9093","-43.1761"
107,107-URCA X CENTRAL,Fetranspor,109,17429564,"-22.9093","-43.1761"
107,107-URCA X CENTRAL,Fetranspor,110,17429564,"-22.9103","-43.1757"
107,107-URCA X CENTRAL,Fetranspor,111,17429564,"-22.9103","-43.1757"
107,107-URCA X CENTRAL,Fetranspor,112,17429564,"-22.9114","-43.1753"
107,107-URCA X CENTRAL,Fetranspor,113,17429564,"-22.9114","-43.1753"
107,107-URCA X CENTRAL,Fetranspor,114,17429564,"-22.912","-43.175"
107,107-URCA X CENTRAL,Fetranspor,115,17429564,"-22.912","-43.175"
107,107-URCA X CENTRAL,Fetranspor,116,17429564,"-22.9123","-43.1749"
107,107-URCA X CENTRAL,Fetranspor,117,17429564,"-22.9123","-43.1749"
107,107-URCA X CENTRAL,Fetranspor,118,17429564,"-22.9124","-43.1749"
107,107-URCA X CENTRAL,Fetranspor,119,17429564,"-22.9125","-43.1749"
107,107-URCA X CENTRAL,Fetranspor,120,17429564,"-22.9128","-43.1748"
107,107-URCA X CENTRAL,Fetranspor,121,17429564,"-22.9128","-43.1748"
107,107-URCA X CENTRAL,Fetranspor,122,17429564,"-22.9128","-43.1748"
107,107-URCA X CENTRAL,Fetranspor,123,17429564,"-22.9133","-43.1752"
107,107-URCA X CENTRAL,Fetranspor,124,17429564,"-22.9135","-43.1754"
107,107-URCA X CENTRAL,Fetranspor,125,17429564,"-22.9135","-43.1754"
107,107-URCA X CENTRAL,Fetranspor,126,17429564,"-22.9141","-43.1759"
107,107-URCA X CENTRAL,Fetranspor,127,17429564,"-22.9141","-43.1759"
107,107-URCA X CENTRAL,Fetranspor,128,17429564,"-22.9144","-43.176"
107,107-URCA X CENTRAL,Fetranspor,129,17429564,"-22.9144","-43.176"
107,107-URCA X CENTRAL,Fetranspor,130,17429564,"-22.9145","-43.1761"
107,107-URCA X CENTRAL,Fetranspor,131,17429564,"-22.9146","-43.1762"
107,107-URCA X CENTRAL,Fetranspor,132,17429564,"-22.9146","-43.1762"
107,107-URCA X CENTRAL,Fetranspor,133,17429564,"-22.9147","-43.1762"
107,107-URCA X CENTRAL,Fetranspor,134,17429564,"-22.915","-43.1763"
107,107-URCA X CENTRAL,Fetranspor,135,17429564,"-22.9168","-43.1765"
107,107-URCA X CENTRAL,Fetranspor,136,17429564,"-22.9171","-43.1766"
107,107-URCA X CENTRAL,Fetranspor,137,17429564,"-22.9171","-43.1766"
107,107-URCA X CENTRAL,Fetranspor,138,17429564,"-22.9177","-43.1767"
107,107-URCA X CENTRAL,Fetranspor,139,17429564,"-22.9181","-43.1767"
107,107-URCA X CENTRAL,Fetranspor,140,17429564,"-22.9182","-43.1767"
107,107-URCA X CENTRAL,Fetranspor,141,17429564,"-22.9183","-43.1767"
107,107-URCA X CENTRAL,Fetranspor,142,17429564,"-22.9185","-43.1767"
107,107-URCA X CENTRAL,Fetranspor,143,17429564,"-22.9186","-43.1767"
107,107-URCA X CENTRAL,Fetranspor,144,17429564,"-22.9187","-43.1766"
107,107-URCA X CENTRAL,Fetranspor,145,17429564,"-22.9189","-43.1765"
107,107-URCA X CENTRAL,Fetranspor,146,17429564,"-22.9192","-43.1761"
107,107-URCA X CENTRAL,Fetranspor,147,17429564,"-22.9194","-43.176"
107,107-URCA X CENTRAL,Fetranspor,148,17429564,"-22.9194","-43.176"
107,107-URCA X CENTRAL,Fetranspor,149,17429564,"-22.9195","-43.1757"
107,107-URCA X CENTRAL,Fetranspor,150,17429564,"-22.9198","-43.1754"
107,107-URCA X CENTRAL,Fetranspor,151,17429564,"-22.9198","-43.1754"
107,107-URCA X CENTRAL,Fetranspor,152,17429564,"-22.9198","-43.1754"
107,107-URCA X CENTRAL,Fetranspor,153,17429564,"-22.9205","-43.1745"
107,107-URCA X CENTRAL,Fetranspor,154,17429564,"-22.9205","-43.1745"
107,107-URCA X CENTRAL,Fetranspor,155,17429564,"-22.9211","-43.1738"
107,107-URCA X CENTRAL,Fetranspor,156,17429564,"-22.9214","-43.1733"
107,107-URCA X CENTRAL,Fetranspor,157,17429564,"-22.9216","-43.1731"
107,107-URCA X CENTRAL,Fetranspor,158,17429564,"-22.9218","-43.1729"
107,107-URCA X CENTRAL,Fetranspor,159,17429564,"-22.9221","-43.1727"
107,107-URCA X CENTRAL,Fetranspor,160,17429564,"-22.9223","-43.1726"
107,107-URCA X CENTRAL,Fetranspor,161,17429564,"-22.9226","-43.1725"
107,107-URCA X CENTRAL,Fetranspor,162,17429564,"-22.9228","-43.1724"
107,107-URCA X CENTRAL,Fetranspor,163,17429564,"-22.923","-43.1724"
107,107-URCA X CENTRAL,Fetranspor,164,17429564,"-22.9232","-43.1724"
107,107-URCA X CENTRAL,Fetranspor,165,17429564,"-22.9235","-43.1724"
107,107-URCA X CENTRAL,Fetranspor,166,17429564,"-22.9237","-43.1724"
107,107-URCA X CENTRAL,Fetranspor,167,17429564,"-22.924","-43.1725"
107,107-URCA X CENTRAL,Fetranspor,168,17429564,"-22.9244","-43.1726"
107,107-URCA X CENTRAL,Fetranspor,169,17429564,"-22.9254","-43.1729"
107,107-URCA X CENTRAL,Fetranspor,170,17429564,"-22.9254","-43.1729"
107,107-URCA X CENTRAL,Fetranspor,171,17429564,"-22.926","-43.1731"
107,107-URCA X CENTRAL,Fetranspor,172,17429564,"-22.9277","-43.1736"
107,107-URCA X CENTRAL,Fetranspor,173,17429564,"-22.9277","-43.1736"
107,107-URCA X CENTRAL,Fetranspor,174,17429564,"-22.9292","-43.1741"
107,107-URCA X CENTRAL,Fetranspor,175,17429564,"-22.9294","-43.1741"
107,107-URCA X CENTRAL,Fetranspor,176,17429564,"-22.9296","-43.1742"
107,107-URCA X CENTRAL,Fetranspor,177,17429564,"-22.9301","-43.1742"
107,107-URCA X CENTRAL,Fetranspor,178,17429564,"-22.9301","-43.1742"
107,107-URCA X CENTRAL,Fetranspor,179,17429564,"-22.9309","-43.1743"
107,107-URCA X CENTRAL,Fetranspor,180,17429564,"-22.9309","-43.1743"
107,107-URCA X CENTRAL,Fetranspor,181,17429564,"-22.9318","-43.1744"
107,107-URCA X CENTRAL,Fetranspor,182,17429564,"-22.9327","-43.1745"
107,107-URCA X CENTRAL,Fetranspor,183,17429564,"-22.9332","-43.1745"
107,107-URCA X CENTRAL,Fetranspor,184,17429564,"-22.9332","-43.1745"
107,107-URCA X CENTRAL,Fetranspor,185,17429564,"-22.9334","-43.1745"
107,107-URCA X CENTRAL,Fetranspor,186,17429564,"-22.9349","-43.1743"
107,107-URCA X CENTRAL,Fetranspor,187,17429564,"-22.9352","-43.1742"
107,107-URCA X CENTRAL,Fetranspor,188,17429564,"-22.9352","-43.1742"
107,107-URCA X CENTRAL,Fetranspor,189,17429564,"-22.9373","-43.1739"
107,107-URCA X CENTRAL,Fetranspor,190,17429564,"-22.9373","-43.1739"
107,107-URCA X CENTRAL,Fetranspor,191,17429564,"-22.9379","-43.1738"
107,107-URCA X CENTRAL,Fetranspor,192,17429564,"-22.9382","-43.1737"
107,107-URCA X CENTRAL,Fetranspor,193,17429564,"-22.9382","-43.1737"
107,107-URCA X CENTRAL,Fetranspor,194,17429564,"-22.9384","-43.1737"
107,107-URCA X CENTRAL,Fetranspor,195,17429564,"-22.9385","-43.1737"
107,107-URCA X CENTRAL,Fetranspor,196,17429564,"-22.9386","-43.1737"
107,107-URCA X CENTRAL,Fetranspor,197,17429564,"-22.9387","-43.1738"
107,107-URCA X CENTRAL,Fetranspor,198,17429564,"-22.9387","-43.1738"
107,107-URCA X CENTRAL,Fetranspor,199,17429564,"-22.9388","-43.174"
107,107-URCA X CENTRAL,Fetranspor,200,17429564,"-22.9389","-43.1741"
107,107-URCA X CENTRAL,Fetranspor,201,17429564,"-22.9389","-43.1741"
107,107-URCA X CENTRAL,Fetranspor,202,17429564,"-22.9393","-43.1745"
107,107-URCA X CENTRAL,Fetranspor,203,17429564,"-22.9393","-43.1745"
107,107-URCA X CENTRAL,Fetranspor,204,17429564,"-22.9398","-43.1751"
107,107-URCA X CENTRAL,Fetranspor,205,17429564,"-22.9398","-43.1751"
107,107-URCA X CENTRAL,Fetranspor,206,17429564,"-22.9405","-43.176"
107,107-URCA X CENTRAL,Fetranspor,207,17429564,"-22.9405","-43.176"
107,107-URCA X CENTRAL,Fetranspor,208,17429564,"-22.9411","-43.1766"
107,107-URCA X CENTRAL,Fetranspor,209,17429564,"-22.9411","-43.1767"
107,107-URCA X CENTRAL,Fetranspor,210,17429564,"-22.9412","-43.1767"
107,107-URCA X CENTRAL,Fetranspor,211,17429564,"-22.9412","-43.1767"
107,107-URCA X CENTRAL,Fetranspor,212,17429564,"-22.9412","-43.1769"
107,107-URCA X CENTRAL,Fetranspor,213,17429564,"-22.9411","-43.177"
107,107-URCA X CENTRAL,Fetranspor,214,17429564,"-22.9409","-43.1776"
107,107-URCA X CENTRAL,Fetranspor,215,17429564,"-22.9409","-43.1776"
107,107-URCA X CENTRAL,Fetranspor,216,17429564,"-22.941","-43.1785"
107,107-URCA X CENTRAL,Fetranspor,217,17429564,"-22.941","-43.1786"
107,107-URCA X CENTRAL,Fetranspor,218,17429564,"-22.9411","-43.1788"
107,107-URCA X CENTRAL,Fetranspor,219,17429564,"-22.9411","-43.1788"
107,107-URCA X CENTRAL,Fetranspor,220,17429564,"-22.9411","-43.1789"
107,107-URCA X CENTRAL,Fetranspor,221,17429564,"-22.9412","-43.1791"
107,107-URCA X CENTRAL,Fetranspor,222,17429564,"-22.9412","-43.1791"
107,107-URCA X CENTRAL,Fetranspor,223,17429564,"-22.9416","-43.1798"
107,107-URCA X CENTRAL,Fetranspor,224,17429564,"-22.9419","-43.1802"
107,107-URCA X CENTRAL,Fetranspor,225,17429564,"-22.9419","-43.1802"
107,107-URCA X CENTRAL,Fetranspor,226,17429564,"-22.942","-43.1803"
107,107-URCA X CENTRAL,Fetranspor,227,17429564,"-22.9422","-43.1806"
107,107-URCA X CENTRAL,Fetranspor,228,17429564,"-22.9422","-43.1806"
107,107-URCA X CENTRAL,Fetranspor,229,17429564,"-22.9424","-43.1809"
107,107-URCA X CENTRAL,Fetranspor,230,17429564,"-22.9427","-43.1812"
107,107-URCA X CENTRAL,Fetranspor,231,17429564,"-22.9428","-43.1812"
107,107-URCA X CENTRAL,Fetranspor,232,17429564,"-22.943","-43.1814"
107,107-URCA X CENTRAL,Fetranspor,233,17429564,"-22.9434","-43.1817"
107,107-URCA X CENTRAL,Fetranspor,234,17429564,"-22.9435","-43.1817"
107,107-URCA X CENTRAL,Fetranspor,235,17429564,"-22.9435","-43.1817"
107,107-URCA X CENTRAL,Fetranspor,236,17429564,"-22.9436","-43.1818"
107,107-URCA X CENTRAL,Fetranspor,237,17429564,"-22.9438","-43.1819"
107,107-URCA X CENTRAL,Fetranspor,238,17429564,"-22.9443","-43.1821"
107,107-URCA X CENTRAL,Fetranspor,239,17429564,"-22.9443","-43.1821"
107,107-URCA X CENTRAL,Fetranspor,240,17429564,"-22.9449","-43.1823"
107,107-URCA X CENTRAL,Fetranspor,241,17429564,"-22.9454","-43.1825"
107,107-URCA X CENTRAL,Fetranspor,242,17429564,"-22.946","-43.1826"
107,107-URCA X CENTRAL,Fetranspor,243,17429564,"-22.946","-43.1826"
107,107-URCA X CENTRAL,Fetranspor,244,17429564,"-22.9463","-43.1826"
107,107-URCA X CENTRAL,Fetranspor,245,17429564,"-22.9469","-43.1826"
107,107-URCA X CENTRAL,Fetranspor,246,17429564,"-22.9476","-43.1825"
107,107-URCA X CENTRAL,Fetranspor,247,17429564,"-22.9476","-43.1825"
107,107-URCA X CENTRAL,Fetranspor,248,17429564,"-22.9479","-43.1824"
107,107-URCA X CENTRAL,Fetranspor,249,17429564,"-22.9479","-43.1824"
107,107-URCA X CENTRAL,Fetranspor,250,17429564,"-22.9481","-43.1824"
107,107-URCA X CENTRAL,Fetranspor,251,17429564,"-22.9482","-43.1824"
107,107-URCA X CENTRAL,Fetranspor,252,17429564,"-22.9482","-43.1824"
107,107-URCA X CENTRAL,Fetranspor,253,17429564,"-22.9484","-43.1823"
107,107-URCA X CENTRAL,Fetranspor,254,17429564,"-22.9487","-43.1822"
107,107-URCA X CENTRAL,Fetranspor,255,17429564,"-22.9491","-43.182"
107,107-URCA X CENTRAL,Fetranspor,256,17429564,"-22.95","-43.1817"
107,107-URCA X CENTRAL,Fetranspor,257,17429564,"-22.9503","-43.1815"
107,107-URCA X CENTRAL,Fetranspor,258,17429564,"-22.9505","-43.1814"
107,107-URCA X CENTRAL,Fetranspor,259,17429564,"-22.9506","-43.1814"
107,107-URCA X CENTRAL,Fetranspor,260,17429564,"-22.9508","-43.1812"
107,107-URCA X CENTRAL,Fetranspor,261,17429564,"-22.9509","-43.1811"
107,107-URCA X CENTRAL,Fetranspor,262,17429564,"-22.951","-43.181"
107,107-URCA X CENTRAL,Fetranspor,263,17429564,"-22.9511","-43.1809"
107,107-URCA X CENTRAL,Fetranspor,264,17429564,"-22.9511","-43.1809"
107,107-URCA X CENTRAL,Fetranspor,265,17429564,"-22.9511","-43.1809"
107,107-URCA X CENTRAL,Fetranspor,266,17429564,"-22.9512","-43.1809"
107,107-URCA X CENTRAL,Fetranspor,267,17429564,"-22.9512","-43.1809"
107,107-URCA X CENTRAL,Fetranspor,268,17429564,"-22.9513","-43.1809"
107,107-URCA X CENTRAL,Fetranspor,269,17429564,"-22.9513","-43.1809"
107,107-URCA X CENTRAL,Fetranspor,270,17429564,"-22.9514","-43.1809"
107,107-URCA X CENTRAL,Fetranspor,271,17429564,"-22.9514","-43.1809"
107,107-URCA X CENTRAL,Fetranspor,272,17429564,"-22.9515","-43.181"
107,107-URCA X CENTRAL,Fetranspor,273,17429564,"-22.952","-43.1815"
107,107-URCA X CENTRAL,Fetranspor,274,17429564,"-22.9521","-43.1815"
107,107-URCA X CENTRAL,Fetranspor,275,17429564,"-22.9521","-43.1815"
107,107-URCA X CENTRAL,Fetranspor,276,17429564,"-22.9522","-43.1816"
107,107-URCA X CENTRAL,Fetranspor,277,17429564,"-22.9522","-43.1818"
107,107-URCA X CENTRAL,Fetranspor,278,17429564,"-22.9522","-43.1819"
107,107-URCA X CENTRAL,Fetranspor,279,17429564,"-22.9522","-43.1819"
107,107-URCA X CENTRAL,Fetranspor,280,17429564,"-22.9523","-43.182"
107,107-URCA X CENTRAL,Fetranspor,281,17429564,"-22.9524","-43.182"
107,107-URCA X CENTRAL,Fetranspor,282,17429564,"-22.9525","-43.1821"
107,107-URCA X CENTRAL,Fetranspor,283,17429564,"-22.9526","-43.182"
107,107-URCA X CENTRAL,Fetranspor,284,17429564,"-22.9526","-43.182"
107,107-URCA X CENTRAL,Fetranspor,285,17429564,"-22.953","-43.1818"
107,107-URCA X CENTRAL,Fetranspor,286,17429564,"-22.953","-43.1818"
107,107-URCA X CENTRAL,Fetranspor,287,17429564,"-22.9535","-43.1815"
107,107-URCA X CENTRAL,Fetranspor,288,17429564,"-22.9535","-43.1815"
107,107-URCA X CENTRAL,Fetranspor,289,17429564,"-22.9544","-43.1811"
107,107-URCA X CENTRAL,Fetranspor,290,17429564,"-22.9544","-43.1811"
107,107-URCA X CENTRAL,Fetranspor,291,17429564,"-22.9542","-43.1806"
107,107-URCA X CENTRAL,Fetranspor,292,17429564,"-22.954","-43.1802"
107,107-URCA X CENTRAL,Fetranspor,293,17429564,"-22.9539","-43.1799"
107,107-URCA X CENTRAL,Fetranspor,294,17429564,"-22.9539","-43.1799"
107,107-URCA X CENTRAL,Fetranspor,295,17429564,"-22.9539","-43.1798"
107,107-URCA X CENTRAL,Fetranspor,296,17429564,"-22.9538","-43.1797"
107,107-URCA X CENTRAL,Fetranspor,297,17429564,"-22.9537","-43.1796"
107,107-URCA X CENTRAL,Fetranspor,298,17429564,"-22.9536","-43.1796"
107,107-URCA X CENTRAL,Fetranspor,299,17429564,"-22.9536","-43.1796"
107,107-URCA X CENTRAL,Fetranspor,300,17429564,"-22.9535","-43.1795"
107,107-URCA X CENTRAL,Fetranspor,301,17429564,"-22.9531","-43.1794"
107,107-URCA X CENTRAL,Fetranspor,302,17429564,"-22.953","-43.1793"
107,107-URCA X CENTRAL,Fetranspor,303,17429564,"-22.953","-43.1792"
107,107-URCA X CENTRAL,Fetranspor,304,17429564,"-22.953","-43.1792"
107,107-URCA X CENTRAL,Fetranspor,305,17429564,"-22.9529","-43.1791"
107,107-URCA X CENTRAL,Fetranspor,306,17429564,"-22.9529","-43.1789"
107,107-URCA X CENTRAL,Fetranspor,307,17429564,"-22.9529","-43.1789"
107,107-URCA X CENTRAL,Fetranspor,308,17429564,"-22.9529","-43.1789"
107,107-URCA X CENTRAL,Fetranspor,309,17429564,"-22.9529","-43.1788"
107,107-URCA X CENTRAL,Fetranspor,310,17429564,"-22.9533","-43.1779"
107,107-URCA X CENTRAL,Fetranspor,311,17429564,"-22.9533","-43.1779"
107,107-URCA X CENTRAL,Fetranspor,312,17429564,"-22.953","-43.1771"
107,107-URCA X CENTRAL,Fetranspor,313,17429564,"-22.953","-43.1771"
107,107-URCA X CENTRAL,Fetranspor,314,17429564,"-22.9529","-43.1767"
107,107-URCA X CENTRAL,Fetranspor,315,17429564,"-22.9529","-43.1767"
107,107-URCA X CENTRAL,Fetranspor,316,17429564,"-22.9528","-43.1766"
107,107-URCA X CENTRAL,Fetranspor,317,17429564,"-22.9528","-43.1766"
107,107-URCA X CENTRAL,Fetranspor,318,17429564,"-22.953","-43.1763"
107,107-URCA X CENTRAL,Fetranspor,319,17429564,"-22.953","-43.1763"
107,107-URCA X CENTRAL,Fetranspor,320,17429564,"-22.9522","-43.1757"
107,107-URCA X CENTRAL,Fetranspor,321,17429564,"-22.9522","-43.1757"
107,107-URCA X CENTRAL,Fetranspor,322,17429564,"-22.9518","-43.1754"
107,107-URCA X CENTRAL,Fetranspor,323,17429564,"-22.9518","-43.1754"
107,107-URCA X CENTRAL,Fetranspor,324,17429564,"-22.9516","-43.1753"
107,107-URCA X CENTRAL,Fetranspor,325,17429564,"-22.9516","-43.1753"
107,107-URCA X CENTRAL,Fetranspor,326,17429564,"-22.9515","-43.1751"
107,107-URCA X CENTRAL,Fetranspor,327,17429564,"-22.9514","-43.1751"
107,107-URCA X CENTRAL,Fetranspor,328,17429564,"-22.9514","-43.1751"
107,107-URCA X CENTRAL,Fetranspor,329,17429564,"-22.9514","-43.175"
107,107-URCA X CENTRAL,Fetranspor,330,17429564,"-22.9514","-43.1749"
107,107-URCA X CENTRAL,Fetranspor,331,17429564,"-22.9518","-43.1744"
107,107-URCA X CENTRAL,Fetranspor,332,17429564,"-22.9518","-43.1744"
107,107-URCA X CENTRAL,Fetranspor,333,17429564,"-22.9523","-43.1735"
107,107-URCA X CENTRAL,Fetranspor,334,17429564,"-22.9527","-43.1729"
107,107-URCA X CENTRAL,Fetranspor,335,17429564,"-22.9527","-43.1729"
107,107-URCA X CENTRAL,Fetranspor,336,17429564,"-22.9528","-43.1726"
107,107-URCA X CENTRAL,Fetranspor,337,17429564,"-22.9529","-43.1724"
107,107-URCA X CENTRAL,Fetranspor,338,17429564,"-22.9533","-43.1715"
107,107-URCA X CENTRAL,Fetranspor,339,17429564,"-22.9534","-43.1709"
107,107-URCA X CENTRAL,Fetranspor,340,17429564,"-22.9538","-43.1698"
107,107-URCA X CENTRAL,Fetranspor,341,17429564,"-22.9544","-43.1677"
107,107-URCA X CENTRAL,Fetranspor,342,17429564,"-22.9544","-43.1677"
107,107-URCA X CENTRAL,Fetranspor,343,17429564,"-22.9543","-43.1676"
107,107-URCA X CENTRAL,Fetranspor,344,17429564,"-22.9543","-43.1676"
107,107-URCA X CENTRAL,Fetranspor,345,17429564,"-22.9543","-43.1676"
107,107-URCA X CENTRAL,Fetranspor,346,17429564,"-22.9542","-43.1675"
107,107-URCA X CENTRAL,Fetranspor,347,17429564,"-22.9542","-43.1675"
107,107-URCA X CENTRAL,Fetranspor,348,17429564,"-22.9535","-43.1673"
107,107-URCA X CENTRAL,Fetranspor,349,17429564,"-22.9535","-43.1673"
107,107-URCA X CENTRAL,Fetranspor,350,17429564,"-22.9533","-43.1673"
107,107-URCA X CENTRAL,Fetranspor,351,17429564,"-22.9533","-43.1673"
107,107-URCA X CENTRAL,Fetranspor,352,17429564,"-22.9532","-43.1673"
107,107-URCA X CENTRAL,Fetranspor,353,17429564,"-22.9525","-43.1676"
107,107-URCA X CENTRAL,Fetranspor,354,17429564,"-22.9517","-43.1679"
107,107-URCA X CENTRAL,Fetranspor,355,17429564,"-22.9517","-43.1679"
107,107-URCA X CENTRAL,Fetranspor,356,17429564,"-22.951","-43.1682"
107,107-URCA X CENTRAL,Fetranspor,357,17429564,"-22.951","-43.1682"
107,107-URCA X CENTRAL,Fetranspor,358,17429564,"-22.9509","-43.1682"
107,107-URCA X CENTRAL,Fetranspor,359,17429564,"-22.9509","-43.1682"
107,107-URCA X CENTRAL,Fetranspor,360,17429564,"-22.9507","-43.168"
107,107-URCA X CENTRAL,Fetranspor,361,17429564,"-22.9507","-43.168"
107,107-URCA X CENTRAL,Fetranspor,362,17429564,"-22.9505","-43.1677"
107,107-URCA X CENTRAL,Fetranspor,363,17429564,"-22.9498","-43.167"
107,107-URCA X CENTRAL,Fetranspor,364,17429564,"-22.9495","-43.1666"
107,107-URCA X CENTRAL,Fetranspor,365,17429564,"-22.9492","-43.1663"
107,107-URCA X CENTRAL,Fetranspor,366,17429564,"-22.949","-43.1661"
107,107-URCA X CENTRAL,Fetranspor,367,17429564,"-22.9487","-43.1656"
107,107-URCA X CENTRAL,Fetranspor,368,17429564,"-22.9486","-43.1654"
107,107-URCA X CENTRAL,Fetranspor,369,17429564,"-22.9485","-43.1652"
107,107-URCA X CENTRAL,Fetranspor,370,17429564,"-22.9484","-43.165"
107,107-URCA X CENTRAL,Fetranspor,371,17429564,"-22.9484","-43.1648"
107,107-URCA X CENTRAL,Fetranspor,372,17429564,"-22.9483","-43.1646"
107,107-URCA X CENTRAL,Fetranspor,373,17429564,"-22.9483","-43.1642"
107,107-URCA X CENTRAL,Fetranspor,374,17429564,"-22.9483","-43.1642"
107,107-URCA X CENTRAL,Fetranspor,375,17429564,"-22.9483","-43.1641"
107,107-URCA X CENTRAL,Fetranspor,376,17429564,"-22.9483","-43.164"
107,107-URCA X CENTRAL,Fetranspor,377,17429564,"-22.9483","-43.164"
107,107-URCA X CENTRAL,Fetranspor,378,17429564,"-22.9483","-43.1639"
107,107-URCA X CENTRAL,Fetranspor,379,17429564,"-22.9483","-43.1639"
107,107-URCA X CENTRAL,Fetranspor,380,17429564,"-22.9484","-43.1637"
107,107-URCA X CENTRAL,Fetranspor,381,17429564,"-22.9485","-43.1637"
107,107-URCA X CENTRAL,Fetranspor,382,17429564,"-22.9485","-43.1636"
107,107-URCA X CENTRAL,Fetranspor,383,17429564,"-22.9485","-43.1636"
107,107-URCA X CENTRAL,Fetranspor,384,17429564,"-22.9485","-43.1636"
107,107-URCA X CENTRAL,Fetranspor,385,17429564,"-22.9485","-43.1635"
107,107-URCA X CENTRAL,Fetranspor,386,17429564,"-22.9485","-43.1635"
107,107-URCA X CENTRAL,Fetranspor,387,17429564,"-22.9483","-43.1628"
107,107-URCA X CENTRAL,Fetranspor,388,17429564,"-22.9483","-43.1627"
107,107-URCA X CENTRAL,Fetranspor,389,17429564,"-22.9482","-43.1626"
107,107-URCA X CENTRAL,Fetranspor,390,17429564,"-22.9482","-43.1626"
107,107-URCA X CENTRAL,Fetranspor,391,17429564,"-22.9481","-43.1626"
107,107-URCA X CENTRAL,Fetranspor,392,17429564,"-22.9481","-43.1626"
107,107-URCA X CENTRAL,Fetranspor,393,17429564,"-22.948","-43.1626"
107,107-URCA X CENTRAL,Fetranspor,394,17429564,"-22.9479","-43.1626"
107,107-URCA X CENTRAL,Fetranspor,395,17429564,"-22.9476","-43.1628"
107,107-URCA X CENTRAL,Fetranspor,396,17429564,"-22.9476","-43.1628"
107,107-URCA X CENTRAL,Fetranspor,397,17429564,"-22.9476","-43.1627"
107,107-URCA X CENTRAL,Fetranspor,398,17429564,"-22.9475","-43.1626"
107,107-URCA X CENTRAL,Fetranspor,399,17429564,"-22.9463","-43.1618"
107,107-URCA X CENTRAL,Fetranspor,400,17429564,"-22.9463","-43.1618"
107,107-URCA X CENTRAL,Fetranspor,401,17429564,"-22.9449","-43.1609"
107,107-URCA X CENTRAL,Fetranspor,402,17429564,"-22.9449","-43.1609"
107,107-URCA X CENTRAL,Fetranspor,403,17429564,"-22.9434","-43.16"
107,107-URCA X CENTRAL,Fetranspor,0,17586591,"-22.9434","-43.16"
107,107-URCA X CENTRAL,Fetranspor,1,17586591,"-22.9434","-43.1607"
107,107-URCA X CENTRAL,Fetranspor,2,17586591,"-22.9434","-43.1607"
107,107-URCA X CENTRAL,Fetranspor,3,17586591,"-22.9433","-43.1608"
107,107-URCA X CENTRAL,Fetranspor,4,17586591,"-22.9433","-43.1611"
107,107-URCA X CENTRAL,Fetranspor,5,17586591,"-22.9433","-43.1614"
107,107-URCA X CENTRAL,Fetranspor,6,17586591,"-22.9433","-43.1614"
107,107-URCA X CENTRAL,Fetranspor,7,17586591,"-22.9434","-43.1615"
107,107-URCA X CENTRAL,Fetranspor,8,17586591,"-22.9434","-43.1616"
107,107-URCA X CENTRAL,Fetranspor,9,17586591,"-22.9434","-43.1617"
107,107-URCA X CENTRAL,Fetranspor,10,17586591,"-22.9435","-43.1619"
107,107-URCA X CENTRAL,Fetranspor,11,17586591,"-22.9436","-43.1621"
107,107-URCA X CENTRAL,Fetranspor,12,17586591,"-22.9437","-43.1622"
107,107-URCA X CENTRAL,Fetranspor,13,17586591,"-22.944","-43.1625"
107,107-URCA X CENTRAL,Fetranspor,14,17586591,"-22.944","-43.1625"
107,107-URCA X CENTRAL,Fetranspor,15,17586591,"-22.9441","-43.1626"
107,107-URCA X CENTRAL,Fetranspor,16,17586591,"-22.9444","-43.1628"
107,107-URCA X CENTRAL,Fetranspor,17,17586591,"-22.9454","-43.1634"
107,107-URCA X CENTRAL,Fetranspor,18,17586591,"-22.9454","-43.1634"
107,107-URCA X CENTRAL,Fetranspor,19,17586591,"-22.9456","-43.1636"
107,107-URCA X CENTRAL,Fetranspor,20,17586591,"-22.9457","-43.1636"
107,107-URCA X CENTRAL,Fetranspor,21,17586591,"-22.9458","-43.1637"
107,107-URCA X CENTRAL,Fetranspor,22,17586591,"-22.9459","-43.1637"
107,107-URCA X CENTRAL,Fetranspor,23,17586591,"-22.946","-43.1637"
107,107-URCA X CENTRAL,Fetranspor,24,17586591,"-22.9461","-43.1637"
107,107-URCA X CENTRAL,Fetranspor,25,17586591,"-22.9462","-43.1636"
107,107-URCA X CENTRAL,Fetranspor,26,17586591,"-22.9465","-43.1635"
107,107-URCA X CENTRAL,Fetranspor,27,17586591,"-22.9465","-43.1635"
107,107-URCA X CENTRAL,Fetranspor,28,17586591,"-22.947","-43.1631"
107,107-URCA X CENTRAL,Fetranspor,29,17586591,"-22.947","-43.1631"
107,107-URCA X CENTRAL,Fetranspor,30,17586591,"-22.9476","-43.1628"
107,107-URCA X CENTRAL,Fetranspor,31,17586591,"-22.9476","-43.1628"
107,107-URCA X CENTRAL,Fetranspor,32,17586591,"-22.9479","-43.1626"
107,107-URCA X CENTRAL,Fetranspor,33,17586591,"-22.948","-43.1626"
107,107-URCA X CENTRAL,Fetranspor,34,17586591,"-22.9481","-43.1626"
107,107-URCA X CENTRAL,Fetranspor,35,17586591,"-22.9481","-43.1626"
107,107-URCA X CENTRAL,Fetranspor,36,17586591,"-22.9482","-43.1626"
107,107-URCA X CENTRAL,Fetranspor,37,17586591,"-22.9482","-43.1626"
107,107-URCA X CENTRAL,Fetranspor,38,17586591,"-22.9483","-43.1627"
107,107-URCA X CENTRAL,Fetranspor,39,17586591,"-22.9483","-43.1628"
107,107-URCA X CENTRAL,Fetranspor,40,17586591,"-22.9485","-43.1635"
107,107-URCA X CENTRAL,Fetranspor,41,17586591,"-22.9485","-43.1635"
107,107-URCA X CENTRAL,Fetranspor,42,17586591,"-22.9485","-43.1636"
107,107-URCA X CENTRAL,Fetranspor,43,17586591,"-22.9485","-43.1636"
107,107-URCA X CENTRAL,Fetranspor,44,17586591,"-22.9485","-43.1636"
107,107-URCA X CENTRAL,Fetranspor,45,17586591,"-22.9485","-43.1637"
107,107-URCA X CENTRAL,Fetranspor,46,17586591,"-22.9484","-43.1637"
107,107-URCA X CENTRAL,Fetranspor,47,17586591,"-22.9483","-43.1639"
107,107-URCA X CENTRAL,Fetranspor,48,17586591,"-22.9483","-43.1639"
107,107-URCA X CENTRAL,Fetranspor,49,17586591,"-22.9481","-43.1642"
107,107-URCA X CENTRAL,Fetranspor,50,17586591,"-22.9481","-43.1642"
107,107-URCA X CENTRAL,Fetranspor,51,17586591,"-22.9479","-43.1643"
107,107-URCA X CENTRAL,Fetranspor,52,17586591,"-22.9479","-43.1644"
107,107-URCA X CENTRAL,Fetranspor,53,17586591,"-22.9479","-43.1645"
107,107-URCA X CENTRAL,Fetranspor,54,17586591,"-22.9478","-43.1646"
107,107-URCA X CENTRAL,Fetranspor,55,17586591,"-22.9478","-43.1648"
107,107-URCA X CENTRAL,Fetranspor,56,17586591,"-22.9478","-43.1649"
107,107-URCA X CENTRAL,Fetranspor,57,17586591,"-22.9479","-43.165"
107,107-URCA X CENTRAL,Fetranspor,58,17586591,"-22.948","-43.1652"
107,107-URCA X CENTRAL,Fetranspor,59,17586591,"-22.948","-43.1653"
107,107-URCA X CENTRAL,Fetranspor,60,17586591,"-22.9487","-43.1662"
107,107-URCA X CENTRAL,Fetranspor,61,17586591,"-22.9498","-43.1676"
107,107-URCA X CENTRAL,Fetranspor,62,17586591,"-22.9498","-43.1676"
107,107-URCA X CENTRAL,Fetranspor,63,17586591,"-22.9499","-43.1677"
107,107-URCA X CENTRAL,Fetranspor,64,17586591,"-22.95","-43.1677"
107,107-URCA X CENTRAL,Fetranspor,65,17586591,"-22.9505","-43.1678"
107,107-URCA X CENTRAL,Fetranspor,66,17586591,"-22.9506","-43.1679"
107,107-URCA X CENTRAL,Fetranspor,67,17586591,"-22.9507","-43.168"
107,107-URCA X CENTRAL,Fetranspor,68,17586591,"-22.9507","-43.168"
107,107-URCA X CENTRAL,Fetranspor,69,17586591,"-22.9509","-43.1682"
107,107-URCA X CENTRAL,Fetranspor,70,17586591,"-22.9509","-43.1682"
107,107-URCA X CENTRAL,Fetranspor,71,17586591,"-22.9514","-43.1687"
107,107-URCA X CENTRAL,Fetranspor,72,17586591,"-22.9514","-43.1687"
107,107-URCA X CENTRAL,Fetranspor,73,17586591,"-22.9523","-43.1684"
107,107-URCA X CENTRAL,Fetranspor,74,17586591,"-22.9523","-43.1684"
107,107-URCA X CENTRAL,Fetranspor,75,17586591,"-22.9531","-43.1681"
107,107-URCA X CENTRAL,Fetranspor,76,17586591,"-22.9531","-43.1681"
107,107-URCA X CENTRAL,Fetranspor,77,17586591,"-22.9531","-43.1682"
107,107-URCA X CENTRAL,Fetranspor,78,17586591,"-22.9531","-43.1682"
107,107-URCA X CENTRAL,Fetranspor,79,17586591,"-22.9531","-43.1682"
107,107-URCA X CENTRAL,Fetranspor,80,17586591,"-22.9531","-43.1682"
107,107-URCA X CENTRAL,Fetranspor,81,17586591,"-22.9532","-43.1682"
107,107-URCA X CENTRAL,Fetranspor,82,17586591,"-22.9532","-43.1683"
107,107-URCA X CENTRAL,Fetranspor,83,17586591,"-22.9533","-43.1682"
107,107-URCA X CENTRAL,Fetranspor,84,17586591,"-22.9533","-43.1682"
107,107-URCA X CENTRAL,Fetranspor,85,17586591,"-22.9533","-43.1681"
107,107-URCA X CENTRAL,Fetranspor,86,17586591,"-22.9533","-43.168"
107,107-URCA X CENTRAL,Fetranspor,87,17586591,"-22.9533","-43.168"
107,107-URCA X CENTRAL,Fetranspor,88,17586591,"-22.9541","-43.1678"
107,107-URCA X CENTRAL,Fetranspor,89,17586591,"-22.9542","-43.1678"
107,107-URCA X CENTRAL,Fetranspor,90,17586591,"-22.9543","-43.1678"
107,107-URCA X CENTRAL,Fetranspor,91,17586591,"-22.9543","-43.1678"
107,107-URCA X CENTRAL,Fetranspor,92,17586591,"-22.9538","-43.1694"
107,107-URCA X CENTRAL,Fetranspor,93,17586591,"-22.9536","-43.17"
107,107-URCA X CENTRAL,Fetranspor,94,17586591,"-22.9536","-43.17"
107,107-URCA X CENTRAL,Fetranspor,95,17586591,"-22.9534","-43.1708"
107,107-URCA X CENTRAL,Fetranspor,96,17586591,"-22.9532","-43.1712"
107,107-URCA X CENTRAL,Fetranspor,97,17586591,"-22.9532","-43.1712"
107,107-URCA X CENTRAL,Fetranspor,98,17586591,"-22.953","-43.1719"
107,107-URCA X CENTRAL,Fetranspor,99,17586591,"-22.9529","-43.1723"
107,107-URCA X CENTRAL,Fetranspor,100,17586591,"-22.9527","-43.1726"
107,107-URCA X CENTRAL,Fetranspor,101,17586591,"-22.9525","-43.1729"
107,107-URCA X CENTRAL,Fetranspor,102,17586591,"-22.9517","-43.1743"
107,107-URCA X CENTRAL,Fetranspor,103,17586591,"-22.9517","-43.1743"
107,107-URCA X CENTRAL,Fetranspor,104,17586591,"-22.9511","-43.1752"
107,107-URCA X CENTRAL,Fetranspor,105,17586591,"-22.9511","-43.1753"
107,107-URCA X CENTRAL,Fetranspor,106,17586591,"-22.9511","-43.1754"
107,107-URCA X CENTRAL,Fetranspor,107,17586591,"-22.9511","-43.1754"
107,107-URCA X CENTRAL,Fetranspor,108,17586591,"-22.951","-43.1755"
107,107-URCA X CENTRAL,Fetranspor,109,17586591,"-22.9509","-43.1757"
107,107-URCA X CENTRAL,Fetranspor,110,17586591,"-22.9506","-43.1761"
107,107-URCA X CENTRAL,Fetranspor,111,17586591,"-22.9506","-43.1761"
107,107-URCA X CENTRAL,Fetranspor,112,17586591,"-22.9505","-43.1764"
107,107-URCA X CENTRAL,Fetranspor,113,17586591,"-22.9504","-43.1766"
107,107-URCA X CENTRAL,Fetranspor,114,17586591,"-22.9502","-43.1769"
107,107-URCA X CENTRAL,Fetranspor,115,17586591,"-22.9502","-43.1769"
107,107-URCA X CENTRAL,Fetranspor,116,17586591,"-22.9501","-43.1773"
107,107-URCA X CENTRAL,Fetranspor,117,17586591,"-22.95","-43.1776"
107,107-URCA X CENTRAL,Fetranspor,118,17586591,"-22.95","-43.1777"
107,107-URCA X CENTRAL,Fetranspor,119,17586591,"-22.95","-43.178"
107,107-URCA X CENTRAL,Fetranspor,120,17586591,"-22.95","-43.1781"
107,107-URCA X CENTRAL,Fetranspor,121,17586591,"-22.9501","-43.1782"
107,107-URCA X CENTRAL,Fetranspor,122,17586591,"-22.9502","-43.1787"
107,107-URCA X CENTRAL,Fetranspor,123,17586591,"-22.9503","-43.1789"
107,107-URCA X CENTRAL,Fetranspor,124,17586591,"-22.9505","-43.1792"
107,107-URCA X CENTRAL,Fetranspor,125,17586591,"-22.9506","-43.1794"
107,107-URCA X CENTRAL,Fetranspor,126,17586591,"-22.9508","-43.18"
107,107-URCA X CENTRAL,Fetranspor,127,17586591,"-22.951","-43.1805"
107,107-URCA X CENTRAL,Fetranspor,128,17586591,"-22.951","-43.1805"
107,107-URCA X CENTRAL,Fetranspor,129,17586591,"-22.951","-43.1807"
107,107-URCA X CENTRAL,Fetranspor,130,17586591,"-22.951","-43.1808"
107,107-URCA X CENTRAL,Fetranspor,131,17586591,"-22.951","-43.1809"
107,107-URCA X CENTRAL,Fetranspor,132,17586591,"-22.951","-43.1809"
107,107-URCA X CENTRAL,Fetranspor,133,17586591,"-22.9509","-43.181"
107,107-URCA X CENTRAL,Fetranspor,134,17586591,"-22.9509","-43.1811"
107,107-URCA X CENTRAL,Fetranspor,135,17586591,"-22.9508","-43.1812"
107,107-URCA X CENTRAL,Fetranspor,136,17586591,"-22.9506","-43.1813"
107,107-URCA X CENTRAL,Fetranspor,137,17586591,"-22.9505","-43.1814"
107,107-URCA X CENTRAL,Fetranspor,138,17586591,"-22.9504","-43.1814"
107,107-URCA X CENTRAL,Fetranspor,139,17586591,"-22.9504","-43.1814"
107,107-URCA X CENTRAL,Fetranspor,140,17586591,"-22.9502","-43.1815"
107,107-URCA X CENTRAL,Fetranspor,141,17586591,"-22.9499","-43.1816"
107,107-URCA X CENTRAL,Fetranspor,142,17586591,"-22.9496","-43.1817"
107,107-URCA X CENTRAL,Fetranspor,143,17586591,"-22.9491","-43.1819"
107,107-URCA X CENTRAL,Fetranspor,144,17586591,"-22.9491","-43.1819"
107,107-URCA X CENTRAL,Fetranspor,145,17586591,"-22.9486","-43.1821"
107,107-URCA X CENTRAL,Fetranspor,146,17586591,"-22.9485","-43.1821"
107,107-URCA X CENTRAL,Fetranspor,147,17586591,"-22.9484","-43.1821"
107,107-URCA X CENTRAL,Fetranspor,148,17586591,"-22.9484","-43.1821"
107,107-URCA X CENTRAL,Fetranspor,149,17586591,"-22.9483","-43.1822"
107,107-URCA X CENTRAL,Fetranspor,150,17586591,"-22.9481","-43.1822"
107,107-URCA X CENTRAL,Fetranspor,151,17586591,"-22.9478","-43.1823"
107,107-URCA X CENTRAL,Fetranspor,152,17586591,"-22.9476","-43.1823"
107,107-URCA X CENTRAL,Fetranspor,153,17586591,"-22.9476","-43.1823"
107,107-URCA X CENTRAL,Fetranspor,154,17586591,"-22.9473","-43.1823"
107,107-URCA X CENTRAL,Fetranspor,155,17586591,"-22.9464","-43.1823"
107,107-URCA X CENTRAL,Fetranspor,156,17586591,"-22.9464","-43.1823"
107,107-URCA X CENTRAL,Fetranspor,157,17586591,"-22.9461","-43.1823"
107,107-URCA X CENTRAL,Fetranspor,158,17586591,"-22.9454","-43.1822"
107,107-URCA X CENTRAL,Fetranspor,159,17586591,"-22.9454","-43.1822"
107,107-URCA X CENTRAL,Fetranspor,160,17586591,"-22.9453","-43.1821"
107,107-URCA X CENTRAL,Fetranspor,161,17586591,"-22.9447","-43.1819"
107,107-URCA X CENTRAL,Fetranspor,162,17586591,"-22.9445","-43.1818"
107,107-URCA X CENTRAL,Fetranspor,163,17586591,"-22.9442","-43.1817"
107,107-URCA X CENTRAL,Fetranspor,164,17586591,"-22.9435","-43.1813"
107,107-URCA X CENTRAL,Fetranspor,165,17586591,"-22.9434","-43.1812"
107,107-URCA X CENTRAL,Fetranspor,166,17586591,"-22.9432","-43.1811"
107,107-URCA X CENTRAL,Fetranspor,167,17586591,"-22.9432","-43.1811"
107,107-URCA X CENTRAL,Fetranspor,168,17586591,"-22.943","-43.1809"
107,107-URCA X CENTRAL,Fetranspor,169,17586591,"-22.943","-43.1809"
107,107-URCA X CENTRAL,Fetranspor,170,17586591,"-22.943","-43.1809"
107,107-URCA X CENTRAL,Fetranspor,171,17586591,"-22.9427","-43.1806"
107,107-URCA X CENTRAL,Fetranspor,172,17586591,"-22.9425","-43.1804"
107,107-URCA X CENTRAL,Fetranspor,173,17586591,"-22.9424","-43.1803"
107,107-URCA X CENTRAL,Fetranspor,174,17586591,"-22.9424","-43.1803"
107,107-URCA X CENTRAL,Fetranspor,175,17586591,"-22.9422","-43.18"
107,107-URCA X CENTRAL,Fetranspor,176,17586591,"-22.9422","-43.18"
107,107-URCA X CENTRAL,Fetranspor,177,17586591,"-22.9421","-43.18"
107,107-URCA X CENTRAL,Fetranspor,178,17586591,"-22.942","-43.1798"
107,107-URCA X CENTRAL,Fetranspor,179,17586591,"-22.942","-43.1798"
107,107-URCA X CENTRAL,Fetranspor,180,17586591,"-22.942","-43.1797"
107,107-URCA X CENTRAL,Fetranspor,181,17586591,"-22.942","-43.1795"
107,107-URCA X CENTRAL,Fetranspor,182,17586591,"-22.942","-43.1794"
107,107-URCA X CENTRAL,Fetranspor,183,17586591,"-22.942","-43.1794"
107,107-URCA X CENTRAL,Fetranspor,184,17586591,"-22.9419","-43.1792"
107,107-URCA X CENTRAL,Fetranspor,185,17586591,"-22.9418","-43.179"
107,107-URCA X CENTRAL,Fetranspor,186,17586591,"-22.9418","-43.1788"
107,107-URCA X CENTRAL,Fetranspor,187,17586591,"-22.9418","-43.1788"
107,107-URCA X CENTRAL,Fetranspor,188,17586591,"-22.9418","-43.1786"
107,107-URCA X CENTRAL,Fetranspor,189,17586591,"-22.9418","-43.1784"
107,107-URCA X CENTRAL,Fetranspor,190,17586591,"-22.9419","-43.1779"
107,107-URCA X CENTRAL,Fetranspor,191,17586591,"-22.9419","-43.1779"
107,107-URCA X CENTRAL,Fetranspor,192,17586591,"-22.9419","-43.1778"
107,107-URCA X CENTRAL,Fetranspor,193,17586591,"-22.942","-43.1777"
107,107-URCA X CENTRAL,Fetranspor,194,17586591,"-22.9421","-43.1775"
107,107-URCA X CENTRAL,Fetranspor,195,17586591,"-22.9424","-43.1771"
107,107-URCA X CENTRAL,Fetranspor,196,17586591,"-22.9427","-43.1767"
107,107-URCA X CENTRAL,Fetranspor,197,17586591,"-22.9427","-43.1767"
107,107-URCA X CENTRAL,Fetranspor,198,17586591,"-22.943","-43.1763"
107,107-URCA X CENTRAL,Fetranspor,199,17586591,"-22.9432","-43.1761"
107,107-URCA X CENTRAL,Fetranspor,200,17586591,"-22.9432","-43.176"
107,107-URCA X CENTRAL,Fetranspor,201,17586591,"-22.9433","-43.1759"
107,107-URCA X CENTRAL,Fetranspor,202,17586591,"-22.9433","-43.1758"
107,107-URCA X CENTRAL,Fetranspor,203,17586591,"-22.9433","-43.1757"
107,107-URCA X CENTRAL,Fetranspor,204,17586591,"-22.9433","-43.1755"
107,107-URCA X CENTRAL,Fetranspor,205,17586591,"-22.9433","-43.1754"
107,107-URCA X CENTRAL,Fetranspor,206,17586591,"-22.9433","-43.1752"
107,107-URCA X CENTRAL,Fetranspor,207,17586591,"-22.9432","-43.1751"
107,107-URCA X CENTRAL,Fetranspor,208,17586591,"-22.9432","-43.175"
107,107-URCA X CENTRAL,Fetranspor,209,17586591,"-22.9431","-43.1749"
107,107-URCA X CENTRAL,Fetranspor,210,17586591,"-22.943","-43.1748"
107,107-URCA X CENTRAL,Fetranspor,211,17586591,"-22.943","-43.1748"
107,107-URCA X CENTRAL,Fetranspor,212,17586591,"-22.943","-43.1747"
107,107-URCA X CENTRAL,Fetranspor,213,17586591,"-22.943","-43.1747"
107,107-URCA X CENTRAL,Fetranspor,214,17586591,"-22.9427","-43.1744"
107,107-URCA X CENTRAL,Fetranspor,215,17586591,"-22.9425","-43.1742"
107,107-URCA X CENTRAL,Fetranspor,216,17586591,"-22.9423","-43.174"
107,107-URCA X CENTRAL,Fetranspor,217,17586591,"-22.9421","-43.1737"
107,107-URCA X CENTRAL,Fetranspor,218,17586591,"-22.9416","-43.1729"
107,107-URCA X CENTRAL,Fetranspor,219,17586591,"-22.9411","-43.1723"
107,107-URCA X CENTRAL,Fetranspor,220,17586591,"-22.9409","-43.172"
107,107-URCA X CENTRAL,Fetranspor,221,17586591,"-22.9409","-43.1719"
107,107-URCA X CENTRAL,Fetranspor,222,17586591,"-22.9407","-43.1717"
107,107-URCA X CENTRAL,Fetranspor,223,17586591,"-22.9405","-43.1716"
107,107-URCA X CENTRAL,Fetranspor,224,17586591,"-22.9404","-43.1715"
107,107-URCA X CENTRAL,Fetranspor,225,17586591,"-22.9399","-43.1713"
107,107-URCA X CENTRAL,Fetranspor,226,17586591,"-22.9396","-43.1711"
107,107-URCA X CENTRAL,Fetranspor,227,17586591,"-22.9395","-43.171"
107,107-URCA X CENTRAL,Fetranspor,228,17586591,"-22.9393","-43.171"
107,107-URCA X CENTRAL,Fetranspor,229,17586591,"-22.9393","-43.1709"
107,107-URCA X CENTRAL,Fetranspor,230,17586591,"-22.9392","-43.1709"
107,107-URCA X CENTRAL,Fetranspor,231,17586591,"-22.9391","-43.1709"
107,107-URCA X CENTRAL,Fetranspor,232,17586591,"-22.939","-43.1709"
107,107-URCA X CENTRAL,Fetranspor,233,17586591,"-22.9388","-43.171"
107,107-URCA X CENTRAL,Fetranspor,234,17586591,"-22.9387","-43.171"
107,107-URCA X CENTRAL,Fetranspor,235,17586591,"-22.9386","-43.1711"
107,107-URCA X CENTRAL,Fetranspor,236,17586591,"-22.9386","-43.1711"
107,107-URCA X CENTRAL,Fetranspor,237,17586591,"-22.9385","-43.1712"
107,107-URCA X CENTRAL,Fetranspor,238,17586591,"-22.9384","-43.1713"
107,107-URCA X CENTRAL,Fetranspor,239,17586591,"-22.9383","-43.1714"
107,107-URCA X CENTRAL,Fetranspor,240,17586591,"-22.9382","-43.1715"
107,107-URCA X CENTRAL,Fetranspor,241,17586591,"-22.938","-43.1719"
107,107-URCA X CENTRAL,Fetranspor,242,17586591,"-22.9379","-43.172"
107,107-URCA X CENTRAL,Fetranspor,243,17586591,"-22.9379","-43.172"
107,107-URCA X CENTRAL,Fetranspor,244,17586591,"-22.9378","-43.1723"
107,107-URCA X CENTRAL,Fetranspor,245,17586591,"-22.9378","-43.1723"
107,107-URCA X CENTRAL,Fetranspor,246,17586591,"-22.9377","-43.1724"
107,107-URCA X CENTRAL,Fetranspor,247,17586591,"-22.9375","-43.1727"
107,107-URCA X CENTRAL,Fetranspor,248,17586591,"-22.9372","-43.1731"
107,107-URCA X CENTRAL,Fetranspor,249,17586591,"-22.937","-43.1733"
107,107-URCA X CENTRAL,Fetranspor,250,17586591,"-22.937","-43.1733"
107,107-URCA X CENTRAL,Fetranspor,251,17586591,"-22.937","-43.1734"
107,107-URCA X CENTRAL,Fetranspor,252,17586591,"-22.9368","-43.1735"
107,107-URCA X CENTRAL,Fetranspor,253,17586591,"-22.9366","-43.1737"
107,107-URCA X CENTRAL,Fetranspor,254,17586591,"-22.9364","-43.1738"
107,107-URCA X CENTRAL,Fetranspor,255,17586591,"-22.9362","-43.1739"
107,107-URCA X CENTRAL,Fetranspor,256,17586591,"-22.936","-43.174"
107,107-URCA X CENTRAL,Fetranspor,257,17586591,"-22.9355","-43.1741"
107,107-URCA X CENTRAL,Fetranspor,258,17586591,"-22.9351","-43.1741"
107,107-URCA X CENTRAL,Fetranspor,259,17586591,"-22.9351","-43.1741"
107,107-URCA X CENTRAL,Fetranspor,260,17586591,"-22.9342","-43.1743"
107,107-URCA X CENTRAL,Fetranspor,261,17586591,"-22.9338","-43.1743"
107,107-URCA X CENTRAL,Fetranspor,262,17586591,"-22.9332","-43.1744"
107,107-URCA X CENTRAL,Fetranspor,263,17586591,"-22.9332","-43.1744"
107,107-URCA X CENTRAL,Fetranspor,264,17586591,"-22.9329","-43.1744"
107,107-URCA X CENTRAL,Fetranspor,265,17586591,"-22.9326","-43.1744"
107,107-URCA X CENTRAL,Fetranspor,266,17586591,"-22.9322","-43.1743"
107,107-URCA X CENTRAL,Fetranspor,267,17586591,"-22.9319","-43.1743"
107,107-URCA X CENTRAL,Fetranspor,268,17586591,"-22.9317","-43.1743"
107,107-URCA X CENTRAL,Fetranspor,269,17586591,"-22.9306","-43.1741"
107,107-URCA X CENTRAL,Fetranspor,270,17586591,"-22.93","-43.1741"
107,107-URCA X CENTRAL,Fetranspor,271,17586591,"-22.93","-43.1741"
107,107-URCA X CENTRAL,Fetranspor,272,17586591,"-22.9298","-43.1741"
107,107-URCA X CENTRAL,Fetranspor,273,17586591,"-22.9296","-43.174"
107,107-URCA X CENTRAL,Fetranspor,274,17586591,"-22.9293","-43.174"
107,107-URCA X CENTRAL,Fetranspor,275,17586591,"-22.9277","-43.1735"
107,107-URCA X CENTRAL,Fetranspor,276,17586591,"-22.9277","-43.1735"
107,107-URCA X CENTRAL,Fetranspor,277,17586591,"-22.9254","-43.1728"
107,107-URCA X CENTRAL,Fetranspor,278,17586591,"-22.9254","-43.1728"
107,107-URCA X CENTRAL,Fetranspor,279,17586591,"-22.9239","-43.1723"
107,107-URCA X CENTRAL,Fetranspor,280,17586591,"-22.9236","-43.1723"
107,107-URCA X CENTRAL,Fetranspor,281,17586591,"-22.9234","-43.1722"
107,107-URCA X CENTRAL,Fetranspor,282,17586591,"-22.9232","-43.1722"
107,107-URCA X CENTRAL,Fetranspor,283,17586591,"-22.9231","-43.1722"
107,107-URCA X CENTRAL,Fetranspor,284,17586591,"-22.9228","-43.1723"
107,107-URCA X CENTRAL,Fetranspor,285,17586591,"-22.9227","-43.1723"
107,107-URCA X CENTRAL,Fetranspor,286,17586591,"-22.9227","-43.1723"
107,107-URCA X CENTRAL,Fetranspor,287,17586591,"-22.9226","-43.1723"
107,107-URCA X CENTRAL,Fetranspor,288,17586591,"-22.9222","-43.1725"
107,107-URCA X CENTRAL,Fetranspor,289,17586591,"-22.9221","-43.1726"
107,107-URCA X CENTRAL,Fetranspor,290,17586591,"-22.9218","-43.1727"
107,107-URCA X CENTRAL,Fetranspor,291,17586591,"-22.9216","-43.1729"
107,107-URCA X CENTRAL,Fetranspor,292,17586591,"-22.9214","-43.1731"
107,107-URCA X CENTRAL,Fetranspor,293,17586591,"-22.9212","-43.1734"
107,107-URCA X CENTRAL,Fetranspor,294,17586591,"-22.9212","-43.1734"
107,107-URCA X CENTRAL,Fetranspor,295,17586591,"-22.921","-43.1737"
107,107-URCA X CENTRAL,Fetranspor,296,17586591,"-22.9208","-43.174"
107,107-URCA X CENTRAL,Fetranspor,297,17586591,"-22.9208","-43.174"
107,107-URCA X CENTRAL,Fetranspor,298,17586591,"-22.9203","-43.1745"
107,107-URCA X CENTRAL,Fetranspor,299,17586591,"-22.9203","-43.1745"
107,107-URCA X CENTRAL,Fetranspor,300,17586591,"-22.9202","-43.1745"
107,107-URCA X CENTRAL,Fetranspor,301,17586591,"-22.9202","-43.1745"
107,107-URCA X CENTRAL,Fetranspor,302,17586591,"-22.9198","-43.1747"
107,107-URCA X CENTRAL,Fetranspor,303,17586591,"-22.9196","-43.1748"
107,107-URCA X CENTRAL,Fetranspor,304,17586591,"-22.9191","-43.175"
107,107-URCA X CENTRAL,Fetranspor,305,17586591,"-22.9187","-43.1751"
107,107-URCA X CENTRAL,Fetranspor,306,17586591,"-22.9183","-43.1752"
107,107-URCA X CENTRAL,Fetranspor,307,17586591,"-22.9179","-43.1752"
107,107-URCA X CENTRAL,Fetranspor,308,17586591,"-22.9172","-43.1753"
107,107-URCA X CENTRAL,Fetranspor,309,17586591,"-22.9168","-43.1753"
107,107-URCA X CENTRAL,Fetranspor,310,17586591,"-22.9162","-43.1752"
107,107-URCA X CENTRAL,Fetranspor,311,17586591,"-22.9156","-43.1751"
107,107-URCA X CENTRAL,Fetranspor,312,17586591,"-22.9153","-43.175"
107,107-URCA X CENTRAL,Fetranspor,313,17586591,"-22.9148","-43.1749"
107,107-URCA X CENTRAL,Fetranspor,314,17586591,"-22.9148","-43.1749"
107,107-URCA X CENTRAL,Fetranspor,315,17586591,"-22.9144","-43.1747"
107,107-URCA X CENTRAL,Fetranspor,316,17586591,"-22.9141","-43.1746"
107,107-URCA X CENTRAL,Fetranspor,317,17586591,"-22.9139","-43.1745"
107,107-URCA X CENTRAL,Fetranspor,318,17586591,"-22.9137","-43.1744"
107,107-URCA X CENTRAL,Fetranspor,319,17586591,"-22.9137","-43.1744"
107,107-URCA X CENTRAL,Fetranspor,320,17586591,"-22.9134","-43.1742"
107,107-URCA X CENTRAL,Fetranspor,321,17586591,"-22.9129","-43.1738"
107,107-URCA X CENTRAL,Fetranspor,322,17586591,"-22.9129","-43.1738"
107,107-URCA X CENTRAL,Fetranspor,323,17586591,"-22.9125","-43.1735"
107,107-URCA X CENTRAL,Fetranspor,324,17586591,"-22.9122","-43.1731"
107,107-URCA X CENTRAL,Fetranspor,325,17586591,"-22.912","-43.1729"
107,107-URCA X CENTRAL,Fetranspor,326,17586591,"-22.912","-43.1729"
107,107-URCA X CENTRAL,Fetranspor,327,17586591,"-22.9118","-43.1727"
107,107-URCA X CENTRAL,Fetranspor,328,17586591,"-22.9117","-43.1726"
107,107-URCA X CENTRAL,Fetranspor,329,17586591,"-22.9117","-43.1726"
107,107-URCA X CENTRAL,Fetranspor,330,17586591,"-22.9116","-43.1724"
107,107-URCA X CENTRAL,Fetranspor,331,17586591,"-22.9114","-43.1721"
107,107-URCA X CENTRAL,Fetranspor,332,17586591,"-22.9113","-43.172"
107,107-URCA X CENTRAL,Fetranspor,333,17586591,"-22.9113","-43.172"
107,107-URCA X CENTRAL,Fetranspor,334,17586591,"-22.9113","-43.1719"
107,107-URCA X CENTRAL,Fetranspor,335,17586591,"-22.9113","-43.1719"
107,107-URCA X CENTRAL,Fetranspor,336,17586591,"-22.9112","-43.1718"
107,107-URCA X CENTRAL,Fetranspor,337,17586591,"-22.9111","-43.1717"
107,107-URCA X CENTRAL,Fetranspor,338,17586591,"-22.911","-43.1717"
107,107-URCA X CENTRAL,Fetranspor,339,17586591,"-22.9109","-43.1717"
107,107-URCA X CENTRAL,Fetranspor,340,17586591,"-22.9108","-43.1717"
107,107-URCA X CENTRAL,Fetranspor,341,17586591,"-22.9108","-43.1717"
107,107-URCA X CENTRAL,Fetranspor,342,17586591,"-22.91","-43.1719"
107,107-URCA X CENTRAL,Fetranspor,343,17586591,"-22.91","-43.1719"
107,107-URCA X CENTRAL,Fetranspor,344,17586591,"-22.91","-43.1719"
107,107-URCA X CENTRAL,Fetranspor,345,17586591,"-22.9099","-43.1719"
107,107-URCA X CENTRAL,Fetranspor,346,17586591,"-22.9097","-43.172"
107,107-URCA X CENTRAL,Fetranspor,347,17586591,"-22.9097","-43.172"
107,107-URCA X CENTRAL,Fetranspor,348,17586591,"-22.9096","-43.172"
107,107-URCA X CENTRAL,Fetranspor,349,17586591,"-22.9096","-43.172"
107,107-URCA X CENTRAL,Fetranspor,350,17586591,"-22.9093","-43.1721"
107,107-URCA X CENTRAL,Fetranspor,351,17586591,"-22.9093","-43.1721"
107,107-URCA X CENTRAL,Fetranspor,352,17586591,"-22.909","-43.1722"
107,107-URCA X CENTRAL,Fetranspor,353,17586591,"-22.909","-43.1722"
107,107-URCA X CENTRAL,Fetranspor,354,17586591,"-22.9081","-43.1725"
107,107-URCA X CENTRAL,Fetranspor,355,17586591,"-22.9081","-43.1725"
107,107-URCA X CENTRAL,Fetranspor,356,17586591,"-22.9071","-43.1728"
107,107-URCA X CENTRAL,Fetranspor,357,17586591,"-22.9071","-43.1728"
107,107-URCA X CENTRAL,Fetranspor,358,17586591,"-22.9066","-43.173"
107,107-URCA X CENTRAL,Fetranspor,359,17586591,"-22.9066","-43.173"
107,107-URCA X CENTRAL,Fetranspor,360,17586591,"-22.9065","-43.173"
107,107-URCA X CENTRAL,Fetranspor,361,17586591,"-22.9065","-43.173"
107,107-URCA X CENTRAL,Fetranspor,362,17586591,"-22.9061","-43.1732"
107,107-URCA X CENTRAL,Fetranspor,363,17586591,"-22.9057","-43.1734"
107,107-URCA X CENTRAL,Fetranspor,364,17586591,"-22.9052","-43.1738"
107,107-URCA X CENTRAL,Fetranspor,365,17586591,"-22.905","-43.1739"
107,107-URCA X CENTRAL,Fetranspor,366,17586591,"-22.905","-43.1739"
107,107-URCA X CENTRAL,Fetranspor,367,17586591,"-22.9047","-43.1742"
107,107-URCA X CENTRAL,Fetranspor,368,17586591,"-22.9047","-43.1742"
107,107-URCA X CENTRAL,Fetranspor,369,17586591,"-22.9046","-43.1742"
107,107-URCA X CENTRAL,Fetranspor,370,17586591,"-22.9044","-43.1743"
107,107-URCA X CENTRAL,Fetranspor,371,17586591,"-22.9044","-43.1743"
107,107-URCA X CENTRAL,Fetranspor,372,17586591,"-22.9043","-43.1744"
107,107-URCA X CENTRAL,Fetranspor,373,17586591,"-22.9041","-43.1745"
107,107-URCA X CENTRAL,Fetranspor,374,17586591,"-22.904","-43.1745"
107,107-URCA X CENTRAL,Fetranspor,375,17586591,"-22.904","-43.1745"
107,107-URCA X CENTRAL,Fetranspor,376,17586591,"-22.9039","-43.1746"
107,107-URCA X CENTRAL,Fetranspor,377,17586591,"-22.9037","-43.1748"
107,107-URCA X CENTRAL,Fetranspor,378,17586591,"-22.9034","-43.175"
107,107-URCA X CENTRAL,Fetranspor,379,17586591,"-22.9034","-43.175"
107,107-URCA X CENTRAL,Fetranspor,380,17586591,"-22.9032","-43.1752"
107,107-URCA X CENTRAL,Fetranspor,381,17586591,"-22.9032","-43.1752"
107,107-URCA X CENTRAL,Fetranspor,382,17586591,"-22.9029","-43.1755"
107,107-URCA X CENTRAL,Fetranspor,383,17586591,"-22.9029","-43.1755"
107,107-URCA X CENTRAL,Fetranspor,384,17586591,"-22.9024","-43.1759"
107,107-URCA X CENTRAL,Fetranspor,385,17586591,"-22.9024","-43.1759"
107,107-URCA X CENTRAL,Fetranspor,386,17586591,"-22.9019","-43.1761"
107,107-URCA X CENTRAL,Fetranspor,387,17586591,"-22.9019","-43.1761"
107,107-URCA X CENTRAL,Fetranspor,388,17586591,"-22.9018","-43.1762"
107,107-URCA X CENTRAL,Fetranspor,389,17586591,"-22.9017","-43.1763"
107,107-URCA X CENTRAL,Fetranspor,390,17586591,"-22.9017","-43.1763"
107,107-URCA X CENTRAL,Fetranspor,391,17586591,"-22.9015","-43.1764"
107,107-URCA X CENTRAL,Fetranspor,392,17586591,"-22.9015","-43.1764"
107,107-URCA X CENTRAL,Fetranspor,393,17586591,"-22.9013","-43.1765"
107,107-URCA X CENTRAL,Fetranspor,394,17586591,"-22.9013","-43.1765"
107,107-URCA X CENTRAL,Fetranspor,395,17586591,"-22.901","-43.1766"
107,107-URCA X CENTRAL,Fetranspor,396,17586591,"-22.9008","-43.1767"
107,107-URCA X CENTRAL,Fetranspor,397,17586591,"-22.9008","-43.1767"
107,107-URCA X CENTRAL,Fetranspor,398,17586591,"-22.9006","-43.1768"
107,107-URCA X CENTRAL,Fetranspor,399,17586591,"-22.9006","-43.1768"
107,107-URCA X CENTRAL,Fetranspor,400,17586591,"-22.9003","-43.1769"
107,107-URCA X CENTRAL,Fetranspor,401,17586591,"-22.9003","-43.1769"
107,107-URCA X CENTRAL,Fetranspor,402,17586591,"-22.9004","-43.1772"
107,107-URCA X CENTRAL,Fetranspor,403,17586591,"-22.9004","-43.1774"
107,107-URCA X CENTRAL,Fetranspor,404,17586591,"-22.9004","-43.1774"
107,107-URCA X CENTRAL,Fetranspor,405,17586591,"-22.9004","-43.1774"
107,107-URCA X CENTRAL,Fetranspor,406,17586591,"-22.9004","-43.1774"
107,107-URCA X CENTRAL,Fetranspor,407,17586591,"-22.9007","-43.1783"
107,107-URCA X CENTRAL,Fetranspor,408,17586591,"-22.9007","-43.1783"
107,107-URCA X CENTRAL,Fetranspor,409,17586591,"-22.9008","-43.1785"
107,107-URCA X CENTRAL,Fetranspor,410,17586591,"-22.9009","-43.179"
107,107-URCA X CENTRAL,Fetranspor,411,17586591,"-22.9009","-43.179"
107,107-URCA X CENTRAL,Fetranspor,412,17586591,"-22.9012","-43.1791"
107,107-URCA X CENTRAL,Fetranspor,413,17586591,"-22.9012","-43.1791"
107,107-URCA X CENTRAL,Fetranspor,414,17586591,"-22.9013","-43.1795"
107,107-URCA X CENTRAL,Fetranspor,415,17586591,"-22.9018","-43.181"
107,107-URCA X CENTRAL,Fetranspor,416,17586591,"-22.9018","-43.1813"
107,107-URCA X CENTRAL,Fetranspor,417,17586591,"-22.9019","-43.1815"
107,107-URCA X CENTRAL,Fetranspor,418,17586591,"-22.9019","-43.1815"
107,107-URCA X CENTRAL,Fetranspor,419,17586591,"-22.9027","-43.184"
107,107-URCA X CENTRAL,Fetranspor,420,17586591,"-22.9027","-43.184"
107,107-URCA X CENTRAL,Fetranspor,421,17586591,"-22.9028","-43.1842"
107,107-URCA X CENTRAL,Fetranspor,422,17586591,"-22.9028","-43.1842"
107,107-URCA X CENTRAL,Fetranspor,423,17586591,"-22.9029","-43.1852"
107,107-URCA X CENTRAL,Fetranspor,424,17586591,"-22.9029","-43.1852"
107,107-URCA X CENTRAL,Fetranspor,425,17586591,"-22.9031","-43.1858"
107,107-URCA X CENTRAL,Fetranspor,426,17586591,"-22.9031","-43.1858"
107,107-URCA X CENTRAL,Fetranspor,427,17586591,"-22.9036","-43.1871"
107,107-URCA X CENTRAL,Fetranspor,428,17586591,"-22.9036","-43.1871"
107,107-URCA X CENTRAL,Fetranspor,429,17586591,"-22.904","-43.1884"
107,107-URCA X CENTRAL,Fetranspor,430,17586591,"-22.904","-43.1884"
107,107-URCA X CENTRAL,Fetranspor,431,17586591,"-22.9043","-43.1894"
107,107-URCA X CENTRAL,Fetranspor,432,17586591,"-22.9045","-43.1901"
107,107-URCA X CENTRAL,Fetranspor,433,17586591,"-22.9045","-43.1901"
107,107-URCA X CENTRAL,Fetranspor,434,17586591,"-22.9047","-43.1906"
107,107-URCA X CENTRAL,Fetranspor,435,17586591,"-22.9047","-43.1906"
107,107-URCA X CENTRAL,Fetranspor,436,17586591,"-22.9047","-43.1908"
107,107-URCA X CENTRAL,Fetranspor,437,17586591,"-22.9049","-43.1912"
107,107-URCA X CENTRAL,Fetranspor,438,17586591,"-22.9049","-43.1912"
107,107-URCA X CENTRAL,Fetranspor,439,17586591,"-22.905","-43.1914"
107,107-URCA X CENTRAL,Fetranspor,440,17586591,"-22.905","-43.1914"
107,107-URCA X CENTRAL,Fetranspor,441,17586591,"-22.905","-43.1916"
107,107-URCA X CENTRAL,Fetranspor,442,17586591,"-22.905","-43.1916"
107,107-URCA X CENTRAL,Fetranspor,443,17586591,"-22.9049","-43.1917"
107,107-URCA X CENTRAL,Fetranspor,444,17586591,"-22.9049","-43.1917"
107,107-URCA X CENTRAL,Fetranspor,445,17586591,"-22.9049","-43.1917"
107,107-URCA X CENTRAL,Fetranspor,446,17586591,"-22.905","-43.1921"
107,107-URCA X CENTRAL,Fetranspor,447,17586591,"-22.9052","-43.1927"
107,107-URCA X CENTRAL,Fetranspor,448,17586591,"-22.9053","-43.1929"
107,107-URCA X CENTRAL,Fetranspor,449,17586591,"-22.9052","-43.1929"
107,107-URCA X CENTRAL,Fetranspor,450,17586591,"-22.9052","-43.193"
107,107-URCA X CENTRAL,Fetranspor,451,17586591,"-22.9052","-43.193"
107,107-URCA X CENTRAL,Fetranspor,452,17586591,"-22.905","-43.1931"
